<mujoco model="coffee_pod">
  <asset>
    <mesh file="meshes/coffee_pod.stl" name="coffee_pod_mesh" scale="0.018 0.018 0.018"/>
    <texture file="../textures/ceramic.png" name="tex-ceramic"/>
    <material name="ceramic" reflectance="0.5" texrepeat="1 1" texture="tex-ceramic" texuniform="true"/>
  </asset>
  <worldbody>
    <body>
      <body name="object">
        <!-- <geom pos="0 0 0" mesh="coffee_pod_mesh" type="mesh" solimp="0.998 0.998 0.001" solref="0.001 1" density="50" friction="0.95 0.3 0.1" group="1" condim="4" material="ceramic" rgba="0.839 0.839 0.839 1"/> -->
        <!-- NOTE: had to make friction high to ensure it did not rock back and forth -->
        <geom pos="0 0 0" mesh="coffee_pod_mesh" type="mesh" solimp="0.998 0.998 0.001" solref="0.001 1" density="100" friction="1 1 1" group="0" condim="4" material="ceramic" rgba="0.839 0.839 0.839 1"/>
      </body>
<!--       <body name="visual">
        <geom pos="0 0 0" mesh="coffee_pod_mesh" type="mesh" conaffinity="0" contype="0"  group="0" mass="0.0001" rgba="0.8 0.8 0.8 0.3"/>
        <geom pos="0 0 0" mesh="coffee_pod_mesh" type="mesh" conaffinity="0" contype="0"  group="1" mass="0.0001" rgba="0.8 0.8 0.8 0.3"/>
      </body> -->
      <!-- <site rgba="0 0 0 0" size="0.005" pos="0 0 -0.035" name="bottom_site"/> -->
      <site rgba="0 0 0 0" size="0.005" pos="0 0 -0.023103" name="bottom_site"/>
      <site rgba="0 0 0 0" size="0.005" pos="0 0 0.023103" name="top_site"/>
      <site rgba="0 0 0 0" size="0.005" pos="0.0243 0.0243 0" name="horizontal_radius_site"/>
    </body>
  </worldbody>
</mujoco>