<mujoco model="345d3e72">
  <asset>
  <texture file="../../../textures/ceramic.png" name="tex-345d3e72" type="2d" />
  <material name="345d3e72" reflectance="0.5" texrepeat="1 1" texture="tex-345d3e72" texuniform="false" />
  <mesh file="visual/model_normalized_0.obj" name="model_normalized_0_vis" scale="0.15 0.15 0.15" /><mesh file="visual/model_normalized_1.obj" name="model_normalized_1_vis" scale="0.15 0.15 0.15" /><mesh file="visual/model_normalized_2.obj" name="model_normalized_2_vis" scale="0.15 0.15 0.15" /><mesh file="visual/model_normalized_3.obj" name="model_normalized_3_vis" scale="0.15 0.15 0.15" /><mesh file="visual/model_normalized_4.obj" name="model_normalized_4_vis" scale="0.15 0.15 0.15" /><mesh file="collision/model_normalized_collision_13.obj" name="model_normalized_collision_13._coll" scale="0.15 0.15 0.15" /><mesh file="collision/model_normalized_collision_16.obj" name="model_normalized_collision_16._coll" scale="0.15 0.15 0.15" /><mesh file="collision/model_normalized_collision_30.obj" name="model_normalized_collision_30._coll" scale="0.15 0.15 0.15" /><mesh file="collision/model_normalized_collision_21.obj" name="model_normalized_collision_21._coll" scale="0.15 0.15 0.15" /><mesh file="collision/model_normalized_collision_1.obj" name="model_normalized_collision_1._coll" scale="0.15 0.15 0.15" /><mesh file="collision/model_normalized_collision_20.obj" name="model_normalized_collision_20._coll" scale="0.15 0.15 0.15" /><mesh file="collision/model_normalized_collision_27.obj" name="model_normalized_collision_27._coll" scale="0.15 0.15 0.15" /><mesh file="collision/model_normalized_collision_10.obj" name="model_normalized_collision_10._coll" scale="0.15 0.15 0.15" /><mesh file="collision/model_normalized_collision_24.obj" name="model_normalized_collision_24._coll" scale="0.15 0.15 0.15" /><mesh file="collision/model_normalized_collision_28.obj" name="model_normalized_collision_28._coll" scale="0.15 0.15 0.15" /><mesh file="collision/model_normalized_collision_25.obj" name="model_normalized_collision_25._coll" scale="0.15 0.15 0.15" /><mesh file="collision/model_normalized_collision_23.obj" name="model_normalized_collision_23._coll" scale="0.15 0.15 0.15" /><mesh file="collision/model_normalized_collision_6.obj" name="model_normalized_collision_6._coll" scale="0.15 0.15 0.15" /><mesh file="collision/model_normalized_collision_8.obj" name="model_normalized_collision_8._coll" scale="0.15 0.15 0.15" /><mesh file="collision/model_normalized_collision_2.obj" name="model_normalized_collision_2._coll" scale="0.15 0.15 0.15" /><mesh file="collision/model_normalized_collision_12.obj" name="model_normalized_collision_12._coll" scale="0.15 0.15 0.15" /><mesh file="collision/model_normalized_collision_4.obj" name="model_normalized_collision_4._coll" scale="0.15 0.15 0.15" /><mesh file="collision/model_normalized_collision_19.obj" name="model_normalized_collision_19._coll" scale="0.15 0.15 0.15" /><mesh file="collision/model_normalized_collision_5.obj" name="model_normalized_collision_5._coll" scale="0.15 0.15 0.15" /><mesh file="collision/model_normalized_collision_14.obj" name="model_normalized_collision_14._coll" scale="0.15 0.15 0.15" /><mesh file="collision/model_normalized_collision_11.obj" name="model_normalized_collision_11._coll" scale="0.15 0.15 0.15" /><mesh file="collision/model_normalized_collision_15.obj" name="model_normalized_collision_15._coll" scale="0.15 0.15 0.15" /><mesh file="collision/model_normalized_collision_18.obj" name="model_normalized_collision_18._coll" scale="0.15 0.15 0.15" /><mesh file="collision/model_normalized_collision_29.obj" name="model_normalized_collision_29._coll" scale="0.15 0.15 0.15" /><mesh file="collision/model_normalized_collision_26.obj" name="model_normalized_collision_26._coll" scale="0.15 0.15 0.15" /><mesh file="collision/model_normalized_collision_17.obj" name="model_normalized_collision_17._coll" scale="0.15 0.15 0.15" /><mesh file="collision/model_normalized_collision_31.obj" name="model_normalized_collision_31._coll" scale="0.15 0.15 0.15" /><mesh file="collision/model_normalized_collision_3.obj" name="model_normalized_collision_3._coll" scale="0.15 0.15 0.15" /><mesh file="collision/model_normalized_collision_9.obj" name="model_normalized_collision_9._coll" scale="0.15 0.15 0.15" /><mesh file="collision/model_normalized_collision_22.obj" name="model_normalized_collision_22._coll" scale="0.15 0.15 0.15" /><mesh file="collision/model_normalized_collision_7.obj" name="model_normalized_collision_7._coll" scale="0.15 0.15 0.15" /><mesh file="collision/model_normalized_collision_0.obj" name="model_normalized_collision_0._coll" scale="0.15 0.15 0.15" /><texture type="2d" name="texture0" file="visual/texture0.png" /><texture type="2d" name="texture1" file="visual/texture1.png" /><texture type="2d" name="texture2" file="visual/texture2.png" /><texture type="2d" name="texture3" file="visual/texture3.png" /><material name="material_0_0" specular="0.4000000000000001" shininess="0.01" rgba="0 0 0 1.0" /><material name="material_0_24" specular="0.4000000000000001" shininess="0.01" rgba="1 1 1 1.0" /><material name="material_1_1_8" texture="texture0" specular="0.4000000000000001" shininess="0.01" /><material name="material_2_2_8" texture="texture1" specular="0.4000000000000001" shininess="0.01" /><material name="material_3_3_8" texture="texture2" specular="0.4000000000000001" shininess="0.01" /><material name="material_4_4_8" texture="texture3" specular="0.4000000000000001" shininess="0.01" /></asset>
  <worldbody>
    <body>
      <body name="object">
      <geom solimp="0.998 0.998 0.001" solref="0.001 1" density="100" friction="0.95 0.3 0.1" type="mesh" mesh="model_normalized_0_vis" conaffinity="0" contype="0" group="1" material="material_2_2_8" /><geom solimp="0.998 0.998 0.001" solref="0.001 1" density="100" friction="0.95 0.3 0.1" type="mesh" mesh="model_normalized_1_vis" conaffinity="0" contype="0" group="1" material="material_4_4_8" /><geom solimp="0.998 0.998 0.001" solref="0.001 1" density="100" friction="0.95 0.3 0.1" type="mesh" mesh="model_normalized_2_vis" conaffinity="0" contype="0" group="1" material="material_3_3_8" /><geom solimp="0.998 0.998 0.001" solref="0.001 1" density="100" friction="0.95 0.3 0.1" type="mesh" mesh="model_normalized_3_vis" conaffinity="0" contype="0" group="1" material="material_1_1_8" /><geom solimp="0.998 0.998 0.001" solref="0.001 1" density="100" friction="0.95 0.3 0.1" type="mesh" mesh="model_normalized_4_vis" conaffinity="0" contype="0" group="1" material="material_0_24" /><geom solimp="0.998 0.998 0.001" solref="0.001 1" density="100" friction="0.95 0.3 0.1" type="mesh" mesh="model_normalized_collision_13._coll" group="0" rgba="0.8 0.8 0.8 0.0" /><geom solimp="0.998 0.998 0.001" solref="0.001 1" density="100" friction="0.95 0.3 0.1" type="mesh" mesh="model_normalized_collision_16._coll" group="0" rgba="0.8 0.8 0.8 0.0" /><geom solimp="0.998 0.998 0.001" solref="0.001 1" density="100" friction="0.95 0.3 0.1" type="mesh" mesh="model_normalized_collision_30._coll" group="0" rgba="0.8 0.8 0.8 0.0" /><geom solimp="0.998 0.998 0.001" solref="0.001 1" density="100" friction="0.95 0.3 0.1" type="mesh" mesh="model_normalized_collision_21._coll" group="0" rgba="0.8 0.8 0.8 0.0" /><geom solimp="0.998 0.998 0.001" solref="0.001 1" density="100" friction="0.95 0.3 0.1" type="mesh" mesh="model_normalized_collision_1._coll" group="0" rgba="0.8 0.8 0.8 0.0" /><geom solimp="0.998 0.998 0.001" solref="0.001 1" density="100" friction="0.95 0.3 0.1" type="mesh" mesh="model_normalized_collision_20._coll" group="0" rgba="0.8 0.8 0.8 0.0" /><geom solimp="0.998 0.998 0.001" solref="0.001 1" density="100" friction="0.95 0.3 0.1" type="mesh" mesh="model_normalized_collision_27._coll" group="0" rgba="0.8 0.8 0.8 0.0" /><geom solimp="0.998 0.998 0.001" solref="0.001 1" density="100" friction="0.95 0.3 0.1" type="mesh" mesh="model_normalized_collision_10._coll" group="0" rgba="0.8 0.8 0.8 0.0" /><geom solimp="0.998 0.998 0.001" solref="0.001 1" density="100" friction="0.95 0.3 0.1" type="mesh" mesh="model_normalized_collision_24._coll" group="0" rgba="0.8 0.8 0.8 0.0" /><geom solimp="0.998 0.998 0.001" solref="0.001 1" density="100" friction="0.95 0.3 0.1" type="mesh" mesh="model_normalized_collision_28._coll" group="0" rgba="0.8 0.8 0.8 0.0" /><geom solimp="0.998 0.998 0.001" solref="0.001 1" density="100" friction="0.95 0.3 0.1" type="mesh" mesh="model_normalized_collision_25._coll" group="0" rgba="0.8 0.8 0.8 0.0" /><geom solimp="0.998 0.998 0.001" solref="0.001 1" density="100" friction="0.95 0.3 0.1" type="mesh" mesh="model_normalized_collision_23._coll" group="0" rgba="0.8 0.8 0.8 0.0" /><geom solimp="0.998 0.998 0.001" solref="0.001 1" density="100" friction="0.95 0.3 0.1" type="mesh" mesh="model_normalized_collision_6._coll" group="0" rgba="0.8 0.8 0.8 0.0" /><geom solimp="0.998 0.998 0.001" solref="0.001 1" density="100" friction="0.95 0.3 0.1" type="mesh" mesh="model_normalized_collision_8._coll" group="0" rgba="0.8 0.8 0.8 0.0" /><geom solimp="0.998 0.998 0.001" solref="0.001 1" density="100" friction="0.95 0.3 0.1" type="mesh" mesh="model_normalized_collision_2._coll" group="0" rgba="0.8 0.8 0.8 0.0" /><geom solimp="0.998 0.998 0.001" solref="0.001 1" density="100" friction="0.95 0.3 0.1" type="mesh" mesh="model_normalized_collision_12._coll" group="0" rgba="0.8 0.8 0.8 0.0" /><geom solimp="0.998 0.998 0.001" solref="0.001 1" density="100" friction="0.95 0.3 0.1" type="mesh" mesh="model_normalized_collision_4._coll" group="0" rgba="0.8 0.8 0.8 0.0" /><geom solimp="0.998 0.998 0.001" solref="0.001 1" density="100" friction="0.95 0.3 0.1" type="mesh" mesh="model_normalized_collision_19._coll" group="0" rgba="0.8 0.8 0.8 0.0" /><geom solimp="0.998 0.998 0.001" solref="0.001 1" density="100" friction="0.95 0.3 0.1" type="mesh" mesh="model_normalized_collision_5._coll" group="0" rgba="0.8 0.8 0.8 0.0" /><geom solimp="0.998 0.998 0.001" solref="0.001 1" density="100" friction="0.95 0.3 0.1" type="mesh" mesh="model_normalized_collision_14._coll" group="0" rgba="0.8 0.8 0.8 0.0" /><geom solimp="0.998 0.998 0.001" solref="0.001 1" density="100" friction="0.95 0.3 0.1" type="mesh" mesh="model_normalized_collision_11._coll" group="0" rgba="0.8 0.8 0.8 0.0" /><geom solimp="0.998 0.998 0.001" solref="0.001 1" density="100" friction="0.95 0.3 0.1" type="mesh" mesh="model_normalized_collision_15._coll" group="0" rgba="0.8 0.8 0.8 0.0" /><geom solimp="0.998 0.998 0.001" solref="0.001 1" density="100" friction="0.95 0.3 0.1" type="mesh" mesh="model_normalized_collision_18._coll" group="0" rgba="0.8 0.8 0.8 0.0" /><geom solimp="0.998 0.998 0.001" solref="0.001 1" density="100" friction="0.95 0.3 0.1" type="mesh" mesh="model_normalized_collision_29._coll" group="0" rgba="0.8 0.8 0.8 0.0" /><geom solimp="0.998 0.998 0.001" solref="0.001 1" density="100" friction="0.95 0.3 0.1" type="mesh" mesh="model_normalized_collision_26._coll" group="0" rgba="0.8 0.8 0.8 0.0" /><geom solimp="0.998 0.998 0.001" solref="0.001 1" density="100" friction="0.95 0.3 0.1" type="mesh" mesh="model_normalized_collision_17._coll" group="0" rgba="0.8 0.8 0.8 0.0" /><geom solimp="0.998 0.998 0.001" solref="0.001 1" density="100" friction="0.95 0.3 0.1" type="mesh" mesh="model_normalized_collision_31._coll" group="0" rgba="0.8 0.8 0.8 0.0" /><geom solimp="0.998 0.998 0.001" solref="0.001 1" density="100" friction="0.95 0.3 0.1" type="mesh" mesh="model_normalized_collision_3._coll" group="0" rgba="0.8 0.8 0.8 0.0" /><geom solimp="0.998 0.998 0.001" solref="0.001 1" density="100" friction="0.95 0.3 0.1" type="mesh" mesh="model_normalized_collision_9._coll" group="0" rgba="0.8 0.8 0.8 0.0" /><geom solimp="0.998 0.998 0.001" solref="0.001 1" density="100" friction="0.95 0.3 0.1" type="mesh" mesh="model_normalized_collision_22._coll" group="0" rgba="0.8 0.8 0.8 0.0" /><geom solimp="0.998 0.998 0.001" solref="0.001 1" density="100" friction="0.95 0.3 0.1" type="mesh" mesh="model_normalized_collision_7._coll" group="0" rgba="0.8 0.8 0.8 0.0" /><geom solimp="0.998 0.998 0.001" solref="0.001 1" density="100" friction="0.95 0.3 0.1" type="mesh" mesh="model_normalized_collision_0._coll" group="0" rgba="0.8 0.8 0.8 0.0" /></body>
      <site rgba="0 0 0 0" size="0.005" pos="0.0013330501500000008 0.0016772146499999987 -0.03469475999999999" name="bottom_site" />
      <site rgba="0 0 0 0" size="0.005" pos="0.0013330501500000008 0.0016772146499999987 0.0519825846" name="top_site" />
      <site rgba="0 0 0 0" size="0.005" pos="0.0396164829 0.04794544530000001 0.0086439123" name="horizontal_radius_site" />
    </body>
  </worldbody>
</mujoco>